{
  "version": 2,
  "framework": null,
  "routes": [
    {
      "src": "/build/(.*)",
      "dest": "/public/build/$1"
    },
    {
      "src": "/(favicon.ico|robots.txt)",
      "dest": "/public/$1"
    },
    {
      "src": "/(.*)",
      "dest": "/api/index.php"
    }
  ],
  "env": {
    "APP_ENV": "production",
    "APP_DEBUG": "true",
    "APP_URL": "https://hiredhub.vercel.app",
    "APP_CONFIG_CACHE": "/tmp/config.php",
    "APP_EVENTS_CACHE": "/tmp/events.php",
    "APP_PACKAGES_CACHE": "/tmp/packages.php",
    "APP_ROUTES_CACHE": "/tmp/routes.php",
    "APP_SERVICES_CACHE": "/tmp/services.php",
    "VIEW_COMPILED_PATH": "/tmp",
    "CACHE_DRIVER": "array",
    "LOG_CHANNEL": "stderr",
    "SESSION_DRIVER": "cookie"
  }
}